codigo_cbo,isco08,titulo_isco08,observacao
3312,2341,Primary school teachers,professor de nível médio no ensino fundamental
1114,1112,Senior government officials,dirigentes do serviço público
5135,9412,Kitchen helpers,auxiliar nos serviços de alimentação
331105,2342,Early childhood educators,professor de nível médio na educação infantil
331110,5311,Child care workers,auxiliar de desenvolvimento infantil
4101,3341,Office supervisors,supervisor administrativo
7824,8331,Bus and tram drivers,motoristas de ônibus e condutor escolar
2311,2342,Early childhood educators,professor de nível superior na educação infantil
0103,0310,Armed forces occupations other ranks,praças das Forças Armadas
3341,5312,Teachers' aides,inspetor de alunos e monitor de transporte escolar
0212,5412,Police officers,cabo e soldado da polícia militar
5201,5222,Shop supervisors,supervisores de vendas
9922,9312,Civil engineering labourers,conservação de vias (exceto trilhos)
3421,3331,Clearing and forwarding agents,transporte e comércio exterior
2532,2412,Financial and investment advisers,gerentes de contas e captação em instituições financeiras
5153,3412,Social work associate professionals,educador social e conselheiro tutelar
3331,2359,Teaching professionals not elsewhere classified,instrutores e professores de cursos livres
333105,5165,Driving instructors,instrutor de autoescola
0211,5412,Police officers,sargento e subtenente da polícia militar
4201,3341,Office supervisors,supervisores de caixas cobrança e atendimento
7640,7536,Shoemakers and related workers,confecção de calçados
1412,1321,Manufacturing managers,gerente de produção e operações
4213,4214,Debt-collectors and related workers,cobradores
8131,8131,Chemical products plant and machine operators,operadores da petroquímica
1425,1330,ICT service managers,gerentes de tecnologia da informação
7741,7522,Cabinet-makers and related workers,montador de móveis
5136,5120,Cooks,churrasqueiro e pizzaiolo
1231,1211,Finance managers,diretor administrativo e financeiro
3714,3423,Fitness and recreation instructors and program leaders,recreador
2527,2421,Management and organization analysts,analista de logística e PCP
9513,7421,Electronics mechanics and servicers,instalador e mantenedor de sistemas de segurança
951315,5414,Security guards,monitor de sistemas eletrônicos de segurança
951320,5414,Security guards,monitor de sistemas eletrônicos de segurança
3144,3115,Mechanical engineering technicians,técnico de manutenção de máquinas
7255,8211,Mechanical machinery assemblers,montador de veículos em linha de montagem
0102,0110,Commissioned armed forces officers,oficiais das Forças Armadas
9913,7213,Sheet-metal workers,funileiro e pintor de veículos
5193,5164,Pet groomers and animal care workers,cuidados com animais
2544,3352,Government tax and excise officials,fiscal de tributos estadual e municipal
1427,1321,Manufacturing managers,gerente de manutenção
7610,8159,Textile fur and leather products machine operators nec,operador polivalente têxtil
3251,3213,Pharmaceutical technicians and assistants,técnico em farmácia
1312,1342,Health services managers,diretor e gerente de serviços de saúde
2711,3434,Chefs,chefe de cozinha
2212,2131,Biologists botanists zoologists and related professionals,biomédico
9501,3122,Manufacturing supervisors,supervisor de manutenção eletromecânica
3951,3119,Physical and engineering science technicians nec,técnico de apoio em P&D
1112,1111,Legislators,governadores e ministros
2032,2149,Engineering professionals nec,pesquisador de engenharia
2122,2512,Software developers,engenheiro de computação
212210,2152,Electronics engineers,engenheiro de equipamentos em computação
5103,5414,Security guards,supervisor de vigilantes
510305,5411,Firefighters,supervisor de bombeiros
1411,1311,Agricultural and forestry production managers,gerente de produção agropecuária e florestal
3185,3118,Draughtspersons,desenhista projetista
3186,3118,Draughtspersons,desenhista projetista
3187,3118,Draughtspersons,desenhista projetista
7201,3122,Manufacturing supervisors,mestres da metalurgia
3321,2341,Primary school teachers,professor leigo no ensino fundamental
5192,9612,Refuse sorters,catador e selecionador de material reciclável
1210,1120,Managing directors and chief executives,diretor geral
0312,5411,Firefighters,cabo e soldado bombeiro militar
1311,1349,Professional services managers nec,diretor e gerente de serviços culturais
131110,1344,Social welfare managers,diretor de serviços sociais
131120,1344,Social welfare managers,gerente de serviços sociais
3731,3521,Broadcasting and audio-visual technicians,operadores audiovisuais
6224,6113,Gardeners horticultural and nursery growers,cultivo de flores
1115,2422,Policy administration professionals,analista de planejamento e EPPGG
2534,2431,Advertising and marketing professionals,analista de mídias sociais
7831,9333,Freight handlers,agente de pátio
783110,9621,Messengers package deliverers and luggage porters,manobrador
7603,3122,Manufacturing supervisors,encarregado na confecção
1413,1323,Construction managers,gerente de produção na construção
9102,3122,Manufacturing supervisors,supervisor de manutenção de veículos
1233,1221,Sales and marketing managers,diretor comercial e de marketing
9192,7233,Agricultural and industrial machinery mechanics,mecânico de máquinas de jardinagem
3313,2320,Vocational education teachers,professor de nível médio no ensino profissionalizante
0311,5411,Firefighters,sargento e subtenente bombeiro militar
0203,3355,Police inspectors and detectives,tenentes da polícia militar
2422,2611,Lawyers,procuradores
4231,3339,Business services agents nec,despachante
6223,6111,Field crop and vegetable growers,olericultura
3001,3115,Mechanical engineering technicians,técnico em mecatrônica
9911,9312,Civil engineering labourers,conservação de via permanente (trilhos)
2543,3257,Environmental and occupational health inspectors,auditor-fiscal do trabalho e agente de higiene e segurança
9503,3122,Manufacturing supervisors,supervisor de manutenção eletromecânica
2541,3352,Government tax and excise officials,auditor e técnico da Receita Federal
2033,2131,Biologists botanists zoologists and related professionals,pesquisador em medicina
2545,3359,Regulatory government associate professionals nec,fiscal de atividades urbanas
6430,9211,Crop farm labourers,operação de irrigação
2021,2149,Engineering professionals nec,engenheiro de controle e automação
3135,3114,Electronics engineering technicians,técnico em fotônica
6301,6210,Forestry and related workers,supervisor florestal e da aquicultura
3114,3116,Chemical engineering technicians,técnico em borracha e plástico
3212,3143,Forestry technicians,técnico florestal e em madeira
2140,2143,Environmental engineers,engenheiro ambiental
9153,7421,Electronics mechanics and servicers,manutenção de equipamentos médico-hospitalares
7620,7535,Pelt dressers tanners and fellmongers,curtimento de couros
2424,2611,Lawyers,defensor público
0201,1349,Professional services managers nec,coronel tenente-coronel e major da polícia militar
0202,3355,Police inspectors and detectives,capitão da polícia militar
2151,3152,Ships' deck officers and pilots,marinha mercante
7801,3122,Manufacturing supervisors,supervisor de embalagem
3148,3119,Physical and engineering science technicians nec,inspetores técnicos
2031,2111,Physicists and astronomers,pesquisadores em ciências exatas
3142,3115,Mechanical engineering technicians,técnico mecânico em ferramentas
8202,3122,Manufacturing supervisors,supervisor de cerâmica e vidro
7735,7523,Woodworking-machine tool setters and operators,operador de usinagem de madeira
3426,1324,Supply distribution and related managers,chefe de estação portuária
9151,7311,Precision-instrument makers and repairers,manutenção de instrumentos de medição
3226,3214,Medical and dental prosthetic technicians,técnico de imobilização ortopédica
3322,2320,Vocational education teachers,professor prático no ensino profissionalizante
2034,2132,Farming forestry and fisheries advisers,pesquisador em ciências agrárias
5102,5151,Cleaning and housekeeping supervisors,supervisor de lavanderia
3732,3521,Broadcasting and audio-visual technicians,supervisor técnico audiovisual
2533,3311,Securities and finance dealers and brokers,corretor de valores
2349,2310,University and higher education teachers,professor de artes no ensino superior
3413,3151,Ships' engineers,condutor de máquinas
2526,1219,Business services and administration managers nec,gestor em segurança
7654,7533,Sewing embroidery and related workers,acabamento de artefatos de tecidos e couros
8201,3135,Metal production process controllers,mestres da siderurgia
3250,7515,Food and beverage tasters and graders,aromista enólogo e perfumista
7605,3122,Manufacturing supervisors,supervisor da confecção
1236,1330,ICT service managers,diretor de tecnologia da informação
1232,1212,Human resource managers,diretor de recursos humanos
3146,3115,Mechanical engineering technicians,técnico em soldagem e caldeiraria
7811,3139,Process control technicians nec,condutor de processos robotizados
8103,3122,Manufacturing supervisors,mestre de produção farmacêutica
1141,1114,Senior officials of special-interest organizations,dirigente de partido político
7813,3153,Aircraft pilots and related associate professionals,operador de drones e veículos remotos
4153,3252,Medical records and health information technicians,analista de informação em saúde
7911,7319,Handicraft workers nec,artesãos
2623,3432,Interior designers and decorators,cenógrafo
0301,1349,Professional services managers nec,coronel e major bombeiro militar
1226,1219,Business services and administration managers nec,diretor de operações de serviços
1234,1324,Supply distribution and related managers,diretor de suprimentos
1227,1211,Finance managers,diretor financeiro em intermediação financeira
1223,1323,Construction managers,diretor de obras
0303,5411,Firefighters,tenente bombeiro militar
1238,1321,Manufacturing managers,diretor de manutenção
9502,7412,Electrical mechanics and fitters,manutenção eletroeletrônica de veículos
1222,1321,Manufacturing managers,diretor de produção industrial
9109,3123,Construction supervisors,supervisor de manutenção de vias férreas
1237,1223,Research and development managers,diretor de P&D
3763,2656,Announcers on radio television and other media,apresentadores
1225,1411,Hotel managers,diretor de hotel alimentação e turismo
1224,1420,Retail and wholesale trade managers,diretor de operações comerciais
2012,2149,Engineering professionals nec,especialista em metrologia
2429,3355,Police inspectors and detectives,oficial de inteligência
9912,7233,Agricultural and industrial machinery mechanics,mantenedor de parques de diversões
2011,2131,Biologists botanists zoologists and related professionals,bioengenheiro e geneticista
9142,7233,Agricultural and industrial machinery mechanics,mecânico de motores navais
2222,2145,Chemical engineers,engenheiro de alimentos
5114,5113,Travel guides,guia de turismo
3201,3212,Medical and pathology laboratory technicians,técnico em bioterismo e histologia
1142,1114,Senior officials of special-interest organizations,dirigente sindical e patronal
0302,5411,Firefighters,capitão bombeiro militar
1418,1324,Supply distribution and related managers,gerente de aeroportos
3253,3141,Life science technicians (excluding medical),técnico em biotecnologia
3191,3119,Physical and engineering science technicians nec,técnico em calçados e confecções
8486,7516,Tobacco preparers and tobacco products makers,beneficiamento de fumo
7246,7215,Riggers and cable splicers,cabos de aço
1144,1114,Senior officials of special-interest organizations,dirigente de organização da sociedade civil
3519,3355,Police inspectors and detectives,agente de inteligência
3192,3119,Physical and engineering science technicians nec,técnico do mobiliário
7401,3122,Manufacturing supervisors,supervisor da mecânica de precisão
1221,1311,Agricultural and forestry production managers,diretor de produção agropecuária
2263,2269,Health professionals nec,arteterapeuta e musicoterapeuta
2629,3432,Interior designers and decorators,decorador de interiores
3524,3339,Business services agents nec,agente de direitos autorais
0101,0110,Commissioned armed forces officers,oficiais generais
6132,6121,Livestock and dairy producers,criadores de caprinos ovinos e suínos
6123,6111,Field crop and vegetable growers,produtor na olericultura
3712,3433,Gallery museum and library technicians,técnico em museologia
5115,5113,Travel guides,condutor de turismo
4242,4419,Clerical support workers nec,aplicador de provas
6121,6111,Field crop and vegetable growers,produtor de grãos e cana
6124,6113,Gardeners horticultural and nursery growers,produtor de flores
1143,1114,Senior officials of special-interest organizations,dirigente de organização religiosa
3012,3141,Life science technicians (excluding medical),técnico de apoio à bioengenharia
1130,1113,Traditional chiefs and heads of villages,cacique e lideranças comunitárias
7501,3122,Manufacturing supervisors,supervisor de joalheria
2414,2612,Judges,conselheiro julgador
7602,3122,Manufacturing supervisors,supervisor de curtimento
2542,3353,Government social benefits officials,auditor-fiscal da previdência
9152,7312,Musical instrument makers and tuners,luthier
3761,2653,Dancers and choreographers,dançarino
6134,6123,Apiarists and sericulturists,apicultor
2619,2654,Film stage and related directors and producers,assistente de direção
9154,7311,Precision-instrument makers and repairers,reparador de equipamentos fotográficos
5169,5142,Beauticians and related workers,tatuador
6127,6111,Field crop and vegetable growers,produtor de oleaginosas
6126,6112,Tree and shrub crop growers,cafeicultor e produtor de cacau
6128,6112,Tree and shrub crop growers,produtor de especiarias
2261,2269,Health professionals nec,osteopata e quiropraxista
5168,5161,Astrologers fortune-tellers and related workers,esotérico
2514,2633,Philosophers historians and political scientists,filósofo
5198,5169,Personal services workers nec,profissional do sexo
1421,1219,Business services and administration managers nec,correção da tábua do MTE: 2149 (engenheiros) no lugar de 2419; gerente administrativo e de facilities
142110,1211,Finance managers,correção da tábua do MTE: gerente de riscos
142115,1211,Finance managers,correção da tábua do MTE: gerente financeiro
142120,2411,Accountants,correção da tábua do MTE: tecnólogo em gestão administrativo-financeira
142125,2421,Management and organization analysts,correção da tábua do MTE: analista de compliance
142130,2413,Financial analysts,correção da tábua do MTE: analista de riscos
142135,2619,Legal professionals nec,correção da tábua do MTE: encarregado de proteção de dados
2525,2413,Financial analysts,correção da tábua do MTE: 2149 (engenheiros) no lugar de 2419; profissionais de finanças
252505,2412,Financial and investment advisers,correção da tábua do MTE: administrador de fundos e carteiras
142305,1221,Sales and marketing managers,correção da tábua do MTE: gerente comercial classificado como profissional
142310,1222,Advertising and public relations managers,correção da tábua do MTE: gerente de comunicação classificado como profissional
142315,1221,Sales and marketing managers,correção da tábua do MTE: gerente de marketing classificado como profissional
142320,1221,Sales and marketing managers,correção da tábua do MTE: gerente de vendas classificado como profissional
1313,1345,Education managers,correção da tábua do MTE: diretores e gerentes de escola classificados como professores
